<?xml version="1.0"?>
<!DOCTYPE Configure PUBLIC "-//Mort Bay Consulting//DTD Configure//EN" "http://jetty.mortbay.org/configure.dtd">
<Configure class="org.eclipse.jetty.webapp.WebAppContext">

	<New id="vaporwareDB" class="org.eclipse.jetty.plus.jndi.Resource">
		<Arg></Arg>
		<Arg>jdbc/vaporwareDB</Arg>
		<Arg>
			<New class="org.apache.commons.dbcp.BasicDataSource">
				<Set name="driverClassName">org.h2.Driver</Set>
				<Set name="url">jdbc:h2:mem:vaporware;DB_CLOSE_DELAY=-1</Set>
			</New>
		</Arg>
	</New>

	<New id="vaporwareMQConnectionFactory" class="org.eclipse.jetty.plus.jndi.Resource">
		<Arg></Arg>
		<Arg>jms/vaporwareMQConnectionFactory</Arg>
		<Arg>
			<New class="org.apache.activemq.ActiveMQConnectionFactory">
				<Arg>vm://localhost?create=false</Arg>
			</New>
		</Arg>
	</New>

	<New id="vaporwareMQ" class="org.eclipse.jetty.plus.jndi.Resource">
		<Arg></Arg>
		<Arg>jms/vaporwareMQ</Arg>
		<Arg>
			<New class="org.apache.activemq.command.ActiveMQQueue">
				<Arg>DEMO</Arg>
			</New>
		</Arg>
	</New>

</Configure>
